{
  "meps_mean": 7639.477241317819,
  "meps_median": 1605.0,
  "meps_p25": 260.00000000000006,
  "meps_p75": 6408.999999999996,
  "meps_p90": 18852.99999999999,
  "meps_zero_pct": 15.11301324060452,
  "percentiles": {
    "0": 0.0,
    "1": 0.0,
    "2": 0.0,
    "3": 0.0,
    "4": 0.0,
    "5": 0.0,
    "6": 0.0,
    "7": 0.0,
    "8": 0.0,
    "9": 0.0,
    "10": 0.0,
    "11": 0.0,
    "12": 0.0,
    "13": 0.0,
    "14": 0.0,
    "15": 0.0,
    "16": 37.800000000000175,
    "17": 61.10000000000037,
    "18": 87.99999999999999,
    "19": 109.99999999999997,
    "20": 132.99999999999997,
    "21": 153.00000000000006,
    "22": 175.99999999999994,
    "23": 201.99999999999997,
    "24": 229.99999999999994,
    "25": 260.00000000000006,
    "26": 292.0000000000001,
    "27": 321.99999999999994,
    "28": 351.99999999999994,
    "29": 385.00000000000006,
    "30": 419.9999999999999,
    "31": 458.00000000000006,
    "32": 498.99999999999983,
    "33": 537.0,
    "34": 579.0,
    "35": 619.0000000000002,
    "36": 668.9999999999999,
    "37": 717.1000000000003,
    "38": 772.0000000000003,
    "39": 822.700000000001,
    "40": 881.0000000000001,
    "41": 933.2999999999995,
    "42": 997.0000000000002,
    "43": 1054.0000000000002,
    "44": 1126.0000000000002,
    "45": 1194.9999999999998,
    "46": 1267.8000000000009,
    "47": 1350.0000000000002,
    "48": 1436.0,
    "49": 1525.9999999999986,
    "50": 1605.0,
    "51": 1686.3000000000013,
    "52": 1783.0000000000007,
    "53": 1878.900000000002,
    "54": 1989.0000000000002,
    "55": 2105.500000000002,
    "56": 2241.8000000000006,
    "57": 2367.0999999999985,
    "58": 2507.3999999999996,
    "59": 2635.0000000000005,
    "60": 2771.0000000000005,
    "61": 2931.9999999999995,
    "62": 3087.6000000000013,
    "63": 3262.899999999997,
    "64": 3449.9999999999995,
    "65": 3649.500000000002,
    "66": 3876.799999999999,
    "67": 4072.4000000000005,
    "68": 4297.400000000001,
    "69": 4547.099999999994,
    "70": 4789.999999999995,
    "71": 5077.300000000003,
    "72": 5399.199999999986,
    "73": 5649.900000000002,
    "74": 5980.999999999996,
    "75": 6408.999999999996,
    "76": 6793.000000000004,
    "77": 7192.100000000002,
    "78": 7694.800000000002,
    "79": 8217.999999999993,
    "80": 8715.00000000002,
    "81": 9300.300000000012,
    "82": 9933.000000000002,
    "83": 10657.499999999973,
    "84": 11429.8,
    "85": 12280.000000000007,
    "86": 13253.79999999997,
    "87": 14459.300000000001,
    "88": 15785.400000000001,
    "89": 17219.100000000006,
    "90": 18852.99999999999,
    "91": 20922.199999999968,
    "92": 23165.599999999995,
    "93": 25886.200000000066,
    "94": 29353.999999999996,
    "95": 33738.99999999997,
    "96": 39923.00000000001,
    "97": 47769.99999999995,
    "98": 60681.99999999987,
    "99": 88191.30000000006,
    "100": 1338275.9999999988
  },
  "note": "Use MEPS-based figures for web app comparisons \u2014 NOT CMS national per-capita ($13,493) which includes administrative/overhead costs."
}